name,gender,phoneNumber,ageGroup,region,email,memo
강예린,female,010-8549-6427,10대,대전,kangyr45@kakao.com,string
강지우,female,010-8622-5099,50대,경기,kangju98@gmail.com,string
장서연,female,010-4039-5860,40대,대구,jangsy63@daum.net,string
장영순,female,010-2202-5528,30대,광주,jangys98@naver.com,string
박서연,female,010-8924-5898,50대,부산,parksy64@kakao.com,string
장서연,female,010-9832-1539,30대,광주,jangsy52@daum.net,string
장지우,female,010-5622-3900,10대,울산,jangju24@gmail.com,string
정지민,female,010-4699-2081,50대,경기,jungjm42@kakao.com,string
정서연,female,010-7565-6154,10대,전남,jungsy98@gmail.com,string
장지민,female,010-5396-5663,30대,인천,jangjm80@gmail.com,string
강하은,female,010-4982-8084,30대,대전,kanghe74@naver.com,string
최예린,female,010-6366-2786,10대,광주,choiyr17@gmail.com,string
조하은,female,010-2607-3852,30대,서울,chohe21@kakao.com,string
김예린,female,010-6913-4896,40대,대구,kimyr69@naver.com,string
조서연,female,010-3764-1635,50대,경기,chosy42@kakao.com,string
윤민지,female,010-5483-3668,40대,대전,yoonmj88@daum.net,string
이채원,female,010-2418-5551,30대,인천,leecw45@daum.net,string
김민지,female,010-3287-3467,20대,경기,kimmj64@kakao.com,string
조하은,female,010-3816-6884,50대,부산,chohe16@kakao.com,string
정서연,female,010-5286-9442,20대,대전,jungsy25@naver.com,string
장민지,female,010-5073-9749,40대,전남,jangmj85@naver.com,string
강채원,female,010-1762-6654,10대,울산,kangcw37@daum.net,string
이하은,female,010-6741-7038,10대,강원,leehe39@naver.com,string
이하은,female,010-4163-1598,20대,인천,leehe51@gmail.com,string
나서연,female,010-8021-8950,40대,강원,nasy42@gmail.com,string
윤서윤,female,010-3888-8561,20대,인천,yoonsy72@kakao.com,string
장영순,female,010-6068-6235,30대,강원,jangys79@kakao.com,string
나채원,female,010-3808-8007,40대,대전,nacw85@daum.net,string
강서연,female,010-8744-6391,50대,강원,kangsy64@daum.net,string
윤지민,female,010-6945-7344,30대,울산,yoonjm11@gmail.com,string
김민지,female,010-9898-5110,20대,경기,kimmj11@gmail.com,string
강지민,female,010-3569-6808,10대,서울,kangjm46@daum.net,string
이하은,female,010-6486-3983,20대,부산,leehe51@gmail.com,string
이지민,female,010-7786-5165,20대,전남,leejm61@naver.com,string
나지우,female,010-3274-5996,20대,전남,naju37@daum.net,string
박지우,female,010-4659-2390,50대,강원,parkju74@gmail.com,string
김서윤,female,010-7803-1141,10대,서울,kimsy75@daum.net,string
박지민,female,010-9915-1472,10대,전남,parkjm15@naver.com,string
나수빈,female,010-2540-7628,10대,경기,nasb44@daum.net,string
장지우,female,010-7493-7039,40대,강원,jangju27@naver.com,string
이서윤,female,010-6893-2909,50대,광주,leesy49@kakao.com,string
나하은,female,010-3429-1252,50대,전남,nahe11@naver.com,string
조서윤,female,010-2760-1868,20대,인천,chosy72@daum.net,string
나예린,female,010-1272-5167,30대,경기,nayr12@daum.net,string
조하은,female,010-8610-5699,50대,대구,chohe96@naver.com,string
윤서윤,female,010-7337-3701,30대,부산,yoonsy72@naver.com,string
장영순,female,010-6193-9611,20대,경기,jangys81@kakao.com,string
윤수빈,female,010-3532-7467,40대,대구,yoonsb71@gmail.com,string
윤하은,female,010-9700-9120,10대,전남,yoonhe15@naver.com,string
정지민,female,010-3433-8500,40대,울산,jungjm73@daum.net,string
